image_name,category,image_urls
A woman sitting at a table with a laptop computer,"electronics,HD Computer Wallpapers,tablet computer,writing,head,table,furniture,Free images,HD Windows Wallpapers,building,HD Wallpapers,plant,Flower Images,petal,cameragraph,camera,len",https://images.unsplash.com/photo-1720048171527-208cb3e93192?fm=jpg&q=60&w=3000&ixlib=rb-4.0.3&ixid=M3wxMjA3fDB8MHxwaG90by1wYWdlfHx8fGVufDB8fHx8fA%3D%3D
A bunch of surfboards are lined up in a row,"Hawaii Images & Pictures,kauai,usa,HD Ocean Wallpapers,coast,snorkeling,sony,island,pacific,Jungle Backgrounds,HD Tropical Wallpapers,garden island,kalalau,kalalau valley,napali coast,Beach Images & Pictures,HD Waterfall Wallpapers,aloha,photography,HD Water Wallpapers,Backgrounds,People Images & Pictures,working,work,minimal,Hq Background Images,building,2017,solar,Eclipse Images & Pictures",https://images.unsplash.com/photo-1722648403997-d2ef58cb4052?fm=jpg&q=60&w=3000&ixlib=rb-4.0.3&ixid=M3wxMjA3fDB8MHxwaG90by1wYWdlfHx8fGVufDB8fHx8fA%3D%3D
The night sky is filled with stars and clouds,"cipressi di san quirico d'orcia,outdoors,astrophotography,Nature Images,HD Night Sky Wallpapers,Star Images,milky way,italia,si,san quirico d'orcia,night photography,HD Wallpapers,portrait,Women Images & Pictures,People Images & Pictures,Travel Images,netherlands,HD City Wallpapers,peach,HD Wallpapers,outdoor",https://plus.unsplash.com/premium_photo-1722585492057-32e26f01e15f?fm=jpg&q=60&w=3000&ixlib=rb-4.0.3&ixid=M3wxMjA3fDB8MHxwaG90by1wYWdlfHx8fGVufDB8fHx8fA%3D%3D
A mountain with a waterfall in the middle of it,"Hawaii Images & Pictures,kauai,usa,Jungle Backgrounds,snorkeling,napali coast,sony,kalalau valley,kalalau,photography,garden island,HD Tropical Wallpapers,island,HD Ocean Wallpapers,coast,Beach Images & Pictures,HD Waterfall Wallpapers,pacific,aloha,land,Creative Commons images,old,HD City Wallpapers,House Images,outdoor,sea,HD Grey Wallpapers,HD Yellow Wallpapers,HD Color Wallpapers,Hq Background Images",https://images.unsplash.com/photo-1722648404006-1197d5c0b51f?fm=jpg&q=60&w=3000&ixlib=rb-4.0.3&ixid=M3wxMjA3fDB8MHxwaG90by1wYWdlfHx8fGVufDB8fHx8fA%3D%3D
A person swimming in a body of water near a waterfall,"kauai,Hawaii Images & Pictures,usa,Jungle Backgrounds,HD Waterfall Wallpapers,HD Tropical Wallpapers,aloha,photography,coast,snorkeling,sony,island,HD Ocean Wallpapers,pacific,Beach Images & Pictures,garden island,kalalau,kalalau valley,napali coast,vegetation,Free pictures,haze,HD Wallpapers,Hq Background Images,door,HD Windows Wallpapers,building,HD Pug Wallpapers,Animals Images & Pictures,Dog Images & Pictures",https://images.unsplash.com/photo-1722648404028-6454d2a93602?fm=jpg&q=60&w=3000&ixlib=rb-4.0.3&ixid=M3wxMjA3fDB8MHxwaG90by1wYWdlfHx8fGVufDB8fHx8fA%3D%3D
A person sitting at a table with a laptop and a mouse,"HD Grey Wallpapers,computer hardware,computer keyboard,hardware,electronics,HD Computer Wallpapers,HD Pc Wallpapers,HD Laptop Wallpapers,credit card,text,digital display,display,lcd screen,monitor,HD Screen Wallpapers,HD Wallpapers,Easter Images,Flower Images,egg,Coffee Images,drink,cup,outdoor,HD Grey Wallpapers,rock",https://images.unsplash.com/photo-1719937050445-098888c0625e?fm=jpg&q=60&w=3000&ixlib=rb-4.0.3&ixid=M3wxMjA3fDB8MHxwaG90by1wYWdlfHx8fGVufDB8fHx8fA%3D%3D
a close up of a green leaf,"Texture Backgrounds,Leaf Backgrounds,Hq Background Images,HD Wallpapers,macro,Nature Images,nature macro,plant texture,green aesthetic,Backgrounds,plant texture,plant,Texture Backgrounds,macro,close up,plant,HD Color Wallpapers,Texture Backgrounds,HD Wallpapers",https://plus.unsplash.com/premium_photo-1670512191067-05505d338f40?fm=jpg&q=60&w=3000&ixlib=rb-4.0.3&ixid=M3wxMjA3fDB8MHxwaG90by1wYWdlfHx8fGVufDB8fHx8fA%3D%3D
A black and white photo of a man in a suit,"head,human,face,People Images & Pictures,photo,photography,portrait,neck,man,adult,male,Happy Images & Pictures,smile,formal wear,suit,Public domain images,Beach Images & Pictures,sea,HD Grey Wallpapers,minimalism,HD Grey Wallpapers,building,outdoor,silhouette,Sunset Images & Pictures",https://images.unsplash.com/photo-1722756090869-8d74046e4989?fm=jpg&q=60&w=3000&ixlib=rb-4.0.3&ixid=M3wxMjA3fDB8MHxwaG90by1wYWdlfHx8fGVufDB8fHx8fA%3D%3D
A black and white photo of clouds and water,"HD Water Wallpapers,morro bay,central coast,top down,plane,drone,aerial,branches,veins,Texture Backgrounds,Cloud Pictures & Images,bw,sanctuary,salt water,estuary,san luis obispo,outdoors,Nature Images,river,aerial view,Free stock photos,london,united kingdom,building,Sunset Images & Pictures,Cloud Pictures & Images,sunrise,mockup,HD Grey Wallpapers,minimal",https://images.unsplash.com/photo-1722809431357-9403c62c46dc?fm=jpg&q=60&w=3000&ixlib=rb-4.0.3&ixid=M3wxMjA3fDB8MHxwaG90by1wYWdlfHx8fGVufDB8fHx8fA%3D%3D
A person standing in a dark room with a light shining on them,"sad boy,sadness,Sad Images,lonely,deep,depression,alone boy,boy dark,night,HD Dark Wallpapers,silhouette,adult,human,male,man,People Images & Pictures,lighting,face,head,portrait,HD Wallpapers,HD Grey Wallpapers,outdoor,Cloud Pictures & Images,restaurant,cafe,indoor,law,office,business",https://images.unsplash.com/photo-1722022233014-2c01fea16fa3?fm=jpg&q=60&w=3000&ixlib=rb-4.0.3&ixid=M3wxMjA3fDB8MHxwaG90by1wYWdlfHx8fGVufDB8fHx8fA%3D%3D
A mountain with a yellow top surrounded by mountains,"outdoors,land,Nature Images,HD Water Wallpapers,sea,HD Ocean Wallpapers,HD Scenery Wallpapers,Landscape Images & Pictures,coast,shoreline,Mountain Images & Pictures,mountain range,peak,vegetation,Public domain images,woah,natur,Landschaft,Mountain Images & Pictures,outdoor,HD Snow Wallpapers,island,HD Wallpapers,outdoor",https://images.unsplash.com/photo-1721297013582-8735f45b6a8b?fm=jpg&q=60&w=3000&ixlib=rb-4.0.3&ixid=M3wxMjA3fDB8MHxwaG90by1wYWdlfHx8fGVufDB8fHx8fA%3D%3D
An aerial view of a village on a cliff near the ocean,"corniglia,Italy Pictures & Images,coastal town,coastline,night time,aerial photography,italia,sp,Nature Images,outdoors,HD Wallpapers,outdoor,HD Wallpapers,Hq Background Images,weather,Cloud Pictures & Images,outdoor,HD Blue Wallpapers,Cloud Pictures & Images,outdoor",https://plus.unsplash.com/premium_photo-1722585492056-5e28ad651ad2?fm=jpg&q=60&w=3000&ixlib=rb-4.0.3&ixid=M3wxMjA3fDB8MHxwaG90by1wYWdlfHx8fGVufDB8fHx8fA%3D%3D
A black and white photo of two people holding hands,"одесса,украина,holding hands,влюбленные,девушка с парнем,Love Images,hands,lovers,lovestory,love story,couple,пара,любовь,руки,парень с девушкой,People Images & Pictures,human,hand,finger,adult,Free images,outdoor,HD Grey Wallpapers,plant,Sunset Images & Pictures,Cloud Pictures & Images,sunrise,pop,HD Color Wallpapers,Food Images & Pictures",https://images.unsplash.com/photo-1722533142503-e99f9a5b3fd4?fm=jpg&q=60&w=3000&ixlib=rb-4.0.3&ixid=M3wxMjA3fDB8MHxwaG90by1wYWdlfHx8fGVufDB8fHx8fA%3D%3D
a black background with a curved object in the middle,"HD Screen Saver Wallpapers,HD Wallpapers,Hq Background Images,HD Black Wallpapers,screensaver,HD Wallpapers,Hq Background Images,render,shapes,digital image,HD Abstract Wallpapers,3d render,HD 3D Wallpapers,pitch black,black colour,HD Lock Screen Wallpapers,Phone Backgrounds,Desktop Backgrounds,HD Desktop Wallpapers,HD Aesthetic Wallpapers,Public domain images,pitch black,dark mode wallpaper,HD Wallpapers,black colour,HD Wallpapers,Hq Background Images,HD Wallpapers,Hq Background Images,outdoor",https://plus.unsplash.com/premium_photo-1674414198965-10e93d44a316?fm=jpg&q=60&w=3000&ixlib=rb-4.0.3&ixid=M3wxMjA3fDB8MHxwaG90by1wYWdlfHx8fGVufDB8fHx8fA%3D%3D
A person is plugging a charger into a laptop,"Brown Backgrounds,HD Pc Wallpapers,HD Laptop Wallpapers,electronics,HD Computer Wallpapers,hardware,computer hardware,computer keyboard,adapter,HD Screen Wallpapers,lcd screen,monitor,display,digital display,business card,Paper Backgrounds,text,Creative Commons images,grovemade,work,office,song,Music Images & Pictures,leisure activity,starry,night,Star Images",https://images.unsplash.com/photo-1720048169707-a32d6dfca0b3?fm=jpg&q=60&w=3000&ixlib=rb-4.0.3&ixid=M3wxMjA3fDB8MHxwaG90by1wYWdlfHx8fGVufDB8fHx8fA%3D%3D
A planter filled with lots of green plants,"cactus,minimal,wall,cacti,potted plant,plant,jar,vase,pottery,planter,Free pictures,writer,work,writing,Sports Images,outdoor,HD Grey Wallpapers,HD Grey Wallpapers,HD Wallpapers,Hq Background Images",https://images.unsplash.com/photo-1722352450920-400a12e1e1d2?fm=jpg&q=60&w=3000&ixlib=rb-4.0.3&ixid=M3wxMjA3fDB8MHxwaG90by1wYWdlfHx8fGVufDB8fHx8fA%3D%3D
A woman standing in a body of water,"mazandaran province,iran,portrait,daylight,Girls Photos & Images,outdoor,canon,sigma,horizontal,lake,b&w,lines,HD Water Wallpapers,ripple,outdoors,Nature Images,Women Images & Pictures,People Images & Pictures,female,adult,Backgrounds,above,Earth Images & Pictures,HD Grey Wallpapers,HD Red Wallpapers,plant,flora,technology,electronic,HD Computer Wallpapers",https://images.unsplash.com/photo-1722427492471-4a2438270e72?fm=jpg&q=60&w=3000&ixlib=rb-4.0.3&ixid=M3wxMjA3fDB8MHxwaG90by1wYWdlfHx8fGVufDB8fHx8fA%3D%3D
a stack of blankets sitting on top of a table,"jumper,pullover,blanket,knit,sweater,throw,blankets,HD Wallpapers,Hq Background Images,Texture Backgrounds,wool texture,scarf,Free images,wool texture,Texture Backgrounds,wool,scarf,female,Women Images & Pictures,HD Color Wallpapers,Texture Backgrounds,HD Wallpapers",https://plus.unsplash.com/premium_photo-1670512206220-1d9b433d812e?fm=jpg&q=60&w=3000&ixlib=rb-4.0.3&ixid=M3wxMjA3fDB8MHxwaG90by1wYWdlfHx8fGVufDB8fHx8fA%3D%3D
